,gdp,population,gdp per capita
china,1409250000,141500,9959.363957597174
japan,516700000,12718,40627.457147350215
korea,169320000,5180,32687.258687258687
usa,2041280000,32676,62470.31460399069
