,population,gdp,gdp per capita
korea,5180,169320000,32687.258687258687
japan,12718,517670000,40703.7270011008
china,141500,1409250000,9959.363957597174
usa,32676,2041280000,62470.31460399069
